id,name,contact,email,address,joining_date,dob,age,role,salary,department,password
10000001,James Smith,9876543201,james@comp.com,123 Maple St,2022-01-15,1990-05-12,33,Developer,85000,IT,pass1
10000002,Mary Johnson,9876543202,mary@comp.com,456 Oak Ave,2021-03-22,1992-08-19,31,Specialist,65000,HR,pass2
10000003,Robert Brown,9876543203,robert@comp.com,789 Pine Rd,2020-05-10,1988-12-05,35,Lead,120000,Engineering,pass3
10000004,Patricia Garcia,9876543204,pat@comp.com,321 Elm St,2023-02-14,1995-03-25,28,QA,70000,IT,pass4
10000005,Michael Miller,9876543205,michael@comp.com,654 Cedar Ln,2019-11-30,1985-07-14,38,Manager,95000,Engineering,pass5
10000006,Linda Davis,9876543206,linda@comp.com,987 Birch Blvd,2022-06-05,1993-10-22,30,HR Manager,88000,HR,pass6
10000007,William Rodriguez,9876543207,william@comp.com,159 Willow Way,2021-09-12,1991-01-30,32,DevOps,92000,Engineering,pass7
10000008,Elizabeth Martinez,9876543208,elizabeth@comp.com,753 Aspen Ct,2020-01-25,1989-04-18,34,Developer,86000,IT,pass8
10000009,David Hernandez,9876543209,david@comp.com,246 Spruce St,2023-08-11,1996-11-12,27,Recruiter,60000,HR,pass9
10000010,Barbara Lopez,9876543210,barbara@comp.com,135 Hemlock Dr,2018-04-02,1984-09-05,39,CTO,150000,Engineering,pass10
10000011,Richard Gonzalez,9876543211,richard@comp.com,864 Larch St,2022-11-15,1994-06-21,29,IT Support,55000,IT,pass11
10000012,Susan Wilson,9876543212,susan@comp.com,357 Sycamore Ave,2021-12-20,1992-02-14,31,HR Analyst,67000,HR,pass12
10000013,Joseph Anderson,9876543213,joseph@comp.com,951 Hickory Ln,2020-07-07,1987-08-30,36,Architect,130000,Engineering,pass13
10000014,Jessica Taylor,9876543214,jessica@comp.com,741 Walnut St,2023-04-18,1997-12-12,26,Developer,82000,IT,pass14
10000015,Thomas Thomas,9876543215,thomas@comp.com,123 Cherry St,2019-02-28,1986-05-05,37,HR Director,110000,HR,pass15
10000016,Sarah Moore,9876543216,sarah@comp.com,456 Poplar Rd,2022-09-30,1993-01-15,30,Data Scientist,105000,Engineering,pass16
10000017,Charles Jackson,9876543217,charles@comp.com,789 Alder Blvd,2021-10-10,1990-03-28,33,SysAdmin,89000,IT,pass17
10000018,Karen Martin,9876543218,karen@comp.com,321 Beech St,2020-05-05,1991-09-19,32,Benefit Lead,72000,HR,pass18
10000019,Christopher Lee,9876543219,chris@comp.com,654 Laurel Ln,2023-01-20,1995-10-10,28,Backend,94000,Engineering,pass19
10000020,Lisa Perez,9876543220,lisa@comp.com,987 Juniper Blvd,2022-03-12,1994-11-25,29,Designer,78000,IT,pass20
10000021,Daniel Thompson,9876543221,dan@comp.com,159 Redwood Way,2021-06-22,1992-04-04,31,HR Asst,52000,HR,pass21
10000022,Nancy White,9876543222,nancy@comp.com,753 Dogwood Ct,2020-08-14,1988-06-18,35,QA Lead,96000,Engineering,pass22
10000023,Matthew Harris,9876543223,matt@comp.com,246 Magnolia St,2019-05-15,1986-02-12,37,Security,115000,IT,pass23
10000024,Sandra Clark,9876543224,sandra@comp.com,135 Redbud Dr,2022-02-28,1993-07-07,30,Payroll,63000,HR,pass24
10000025,Anthony Lewis,9876543225,anthony@comp.com,864 Hawthorn St,2021-11-11,1991-12-30,32,DevOps,98000,Engineering,pass25
10000026,Donna Robinson,9876543226,donna@comp.com,357 Tupelo Ave,2023-07-07,1996-05-05,27,Fullstack,91000,IT,pass26
10000027,Mark Walker,9876543227,mark@comp.com,951 Sassafras Ln,2020-10-10,1989-10-15,34,Trainer,66000,HR,pass27
10000028,Michelle Young,9876543228,michelle@comp.com,741 Buckeye St,2019-12-12,1987-03-03,36,Manager,108000,Engineering,pass28
10000029,Steven Hall,9876543229,steve@comp.com,123 Persimmon St,2022-05-05,1994-08-22,29,DBA,102000,IT,pass29
10000030,Laura Allen,9876543230,laura@comp.com,456 Sumac Rd,2021-01-20,1992-01-20,31,HR Gen,68000,HR,pass30
10000031,Paul Wright,9876543231,paul@comp.com,789 Pawpaw Blvd,2020-04-04,1988-11-11,35,VP Eng,160000,Engineering,pass31
10000032,Amy King,9876543232,amy@comp.com,321 Sourwood St,2023-09-09,1997-02-02,26,Frontend,83000,IT,pass32
10000033,Kevin Scott,9876543233,kevin@comp.com,654 Serviceberry Ln,2018-12-12,1985-06-06,38,HR Coord,71000,HR,pass33
10000034,Anna Green,9876543234,anna@comp.com,987 Silverbell Blvd,2022-08-08,1993-09-09,30,Firmware,112000,Engineering,pass34
10000035,Brian Baker,9876543235,brian@comp.com,159 Witchhazel Way,2021-03-15,1990-04-04,33,Network,93000,IT,pass35
10000036,Rebecca Adams,9876543236,rebecca@comp.com,753 Spicebush Ct,2020-02-02,1989-07-07,34,Recruiter,61000,HR,pass36
10000037,George Nelson,9876543237,george@comp.com,246 Buttonbush St,2023-06-06,1995-12-12,28,Systems,104000,Engineering,pass37
10000038,Deborah Hill,9876543238,deborah@comp.com,135 Chokeberry Dr,2019-07-07,1986-03-03,37,Developer,87000,IT,pass38
10000039,Edward Ramirez,9876543239,ed@comp.com,864 Elderberry St,2022-04-04,1994-05-05,29,HR Rep,59000,HR,pass39
10000040,Cynthia Campbell,9876543240,cyn@comp.com,357 Winterberry Ave,2021-05-05,1991-08-08,32,Scientist,125000,Engineering,pass40
10000041,Ronald Mitchell,9876543241,ron@comp.com,951 Snowberry Ln,2020-06-06,1988-02-02,35,Cloud,135000,IT,pass41
10000042,Kathleen Roberts,9876543242,kath@comp.com,741 Coralberry St,2023-10-10,1996-06-06,27,HR Analyst,69000,HR,pass42
10000043,Jason Carter,9876543243,jason@comp.com,123 Inkberry St,2018-09-09,1984-01-01,39,QA Eng,84000,Engineering,pass43
10000044,Helen Phillips,9876543244,helen@comp.com,456 Beautyberry Rd,2022-12-12,1993-04-04,30,Web Dev,81000,IT,pass44
10000045,Jeffrey Evans,9876543245,jeff@comp.com,789 Arrowwood Blvd,2021-08-08,1990-11-11,33,Payroll,53000,HR,pass45
10000046,Donna Turner,9876543246,donna@comp.com,321 Hobblebush St,2020-09-09,1989-03-03,34,Mechanical,101000,Engineering,pass46
10000047,Ryan Torres,9876543247,ryan@comp.com,654 Bladdernut Ln,2023-01-15,1995-09-09,28,App Support,62000,IT,pass47
10000048,Alice Parker,9876543248,alice@comp.com,987 Buttonwood Blvd,2019-03-15,1987-12-12,36,HR Lead,79000,HR,pass48
10000049,Nicholas Collins,9876543249,nick@comp.com,159 Ironwood Way,2022-07-07,1994-01-01,29,Electrical,110000,Engineering,pass49
10000050,Janet Edwards,9876543250,janet@comp.com,753 Leatherwood Ct,2021-02-15,1992-10-10,31,Security,118000,IT,pass50